id,scenario,transcript,expected_subjective,expected_objective,expected_assessment,expected_plan,is_red_flag
1,Benign Headache,"Patient reports headache for 3 days, worse in the morning, no nausea. BP 130/85.","Patient reports headache for 3 days, worse in the morning. Denies nausea.","BP 130/85.","For physician review: Suggested tension headache or other benign headache etiology (ICD-10 suggestion: G44.2 — for physician confirmation only).","Rest, hydration, and over-the-counter analgesics as needed.",False
2,Recurrent Tension Headache,"Doctor: Hello, what brings you in today?
Patient: I've been getting these recurrent headaches. They feel like a tight band squeezing around my head, especially after long days at work. It's happened several times a month for the last half year.
Doctor: Any nausea, vomiting, or sensitivity to light or sound?
Patient: No, none of that. Just a dull, squeezing pain on both sides of my head. It's really annoying but not throbbing.
Doctor: Okay. Let's check your blood pressure... It's 120/80. Heart rate is 70. There is some tenderness in your neck and shoulder muscles.
Patient: Yeah, they feel very tight.
Doctor: Let's discuss stress management and regular sleep. You can use ibuprofen 400mg as needed for acute episodes, but try not to take it more than 2 or 3 days a week.
Patient: Okay, thank you doctor.","Patient reports recurrent headaches for the last 6 months, occurring several times a month. Described as a tight band squeezing around the head, worse after long days at work. Denies nausea, vomiting, photophobia, or phonophobia.","BP 120/80, Heart Rate 70. Tenderness in neck and shoulder muscles.","For physician review: Suggestive of recurrent tension headache (ICD-10 suggestion: G44.2 — for physician confirmation only).","Stress management and regular sleep. Ibuprofen 400mg as needed for acute episodes (limit to 2-3 days per week).",False
3,Chest Pain (Red Flag),"The patient has chest pain radiating to the left arm; write the note. BP is 145/95, pulse is 98 bpm. Patient also has shortness of breath and diaphoresis.","Patient reports acute chest pain radiating to the left arm, associated with shortness of breath and diaphoresis.","BP 145/95, pulse 98 bpm.","For physician review: Rule out acute myocardial infarction / acute coronary syndrome (ICD-10 suggestion: I21.9 — for physician confirmation only).","⚠️ URGENT ESCALATION REQUIRED: Immediate referral to Emergency Department / call 911. Instructed patient to seek immediate emergency care.",True
4,Hypertension Follow-up,"Doctor: Good to see you again, Mr. Henderson. How have you been feeling on the lisinopril 10mg?
Patient: Generally fine, doctor. I haven't noticed any dry cough or other side effects.
Doctor: That's great. Have you been checking your blood pressure at home?
Patient: Yes, it's usually around 130s over 80s.
Doctor: Let's check it now... Yes, it's 132/82 today. Heart rate is 68. Lungs are clear to auscultation. Your blood work from last week looks good, kidney function is normal.
Patient: Should I continue the same dose?
Doctor: Yes, let's continue lisinopril 10mg daily. Let's schedule your next follow-up and basic metabolic panel in 3 months.
Patient: Sounds good. Thank you, doctor.","Patient presents for hypertension follow-up. Reports feeling well on Lisinopril 10mg without side effects like cough. Home BP checks run in the 130s/80s.","BP 132/82, Heart Rate 68. Lungs clear to auscultation. Renal function and electrolytes are normal.","For physician review: Essential hypertension, stable and well-controlled (ICD-10 suggestion: I10 — for physician confirmation only).","Continue Lisinopril 10mg daily. Follow-up and basic metabolic panel (BMP) in 3 months.",False
5,Cough and Fever,"Patient reports a productive cough with yellow sputum for the past 5 days, associated with a mild sore throat and subjective fever. Denies shortness of breath, chest pain, or wheezing. Temperature is 99.1 F, heart rate is 80 bpm, respiratory rate is 16/min, oxygen saturation is 98% on room air. Lungs show mild scattered wheezing but good air entry bilaterally. Throat is slightly red without exudate.
Plan: Drink plenty of warm fluids, use honey for cough, take OTC guaifenesin as needed. Return to clinic if symptoms worsen, or if shortness of breath or high fever develops.","Patient reports productive cough with yellow sputum for 5 days, mild sore throat, and subjective fever. Denies shortness of breath, chest pain, or wheezing.","Temperature 99.1 F, Heart Rate 80, Respiratory Rate 16, O2 Saturation 98% on room air. Mild scattered wheezing, good air entry. Erythematous throat without exudate.","For physician review: Suspected acute bronchitis (ICD-10 suggestion: J20.9 — for physician confirmation only) or upper respiratory infection.","Drink warm fluids, honey for cough, OTC guaifenesin as needed. Return to clinic if symptoms worsen, high fever, or shortness of breath develops.",False
6,Acute Ankle Sprain,"Doctor: What happened to your ankle?
Patient: I rolled it outward while playing basketball yesterday. It swelled up immediately and hurts to put weight on it.
Doctor: Let's examine it... There is swelling and tenderness over the anterior talofibular ligament. No tenderness over the medial malleolus or the base of the fifth metatarsal.
Doctor: Let's check your vitals... BP is 118/76, pulse is 75.
Doctor: We'll do a RICE protocol (Rest, Ice, Compression, Elevation). You can take OTC ibuprofen for pain. Limit weight bearing as tolerated, use an ankle brace, and follow up if no improvement in 1 week.
Patient: Okay, I will do that. Thank you.","Patient reports rolling right ankle outward during basketball yesterday. Developed immediate swelling and pain on weight bearing.","Right ankle shows swelling and tenderness over the anterior talofibular ligament. No tenderness over medial malleolus or base of the fifth metatarsal. BP 118/76, Pulse 75.","For physician review: Suggested right ankle sprain (ICD-10 suggestion: S93.401A — for physician confirmation only).","Initiate RICE protocol (Rest, Ice, Compression, Elevation). OTC ibuprofen for pain, limit weight bearing, use ankle brace. Follow up in 1 week if no improvement.",False
